<desktopflowbinary desktopflowbinaryid="4c8a7224-3882-4824-95f8-66a013bd17c8">
  <data mimetype="image/png">ControlRepositoryImageFile_4c8a7224-3882-4824-95f8-66a013bd17c8.png</data>
  <iscustomizable>1</iscustomizable>
  <metadata>{}</metadata>
  <mimetype>image/png</mimetype>
  <name>Desktop flow ui element screenshot</name>
  <process>
    <workflowid>d820c690-ed18-49dc-bcbd-4e88324c713a</workflowid>
  </process>
  <reference>controlRepo-screenshots\81f5e80a-0fa3-42b6-b7bb-99c201ff7179.png</reference>
  <statecode>0</statecode>
  <statuscode>1</statuscode>
  <type>ControlRepositoryImageFile</type>
</desktopflowbinary>