<desktopflowbinary desktopflowbinaryid="875507f8-7af1-4d0a-9828-0073fe7328e6">
  <data mimetype="image/png">ControlRepositoryImageFile_875507f8-7af1-4d0a-9828-0073fe7328e6.png</data>
  <iscustomizable>1</iscustomizable>
  <metadata>{}</metadata>
  <mimetype>image/png</mimetype>
  <name>Desktop flow ui element screenshot</name>
  <process>
    <workflowid>d820c690-ed18-49dc-bcbd-4e88324c713a</workflowid>
  </process>
  <reference>controlRepo-screenshots\7283114b-92d3-4a79-b2c9-c84045197102.png</reference>
  <statecode>0</statecode>
  <statuscode>1</statuscode>
  <type>ControlRepositoryImageFile</type>
</desktopflowbinary>