<desktopflowbinary desktopflowbinaryid="43d29414-893e-4a4c-a50c-026895a3271d">
  <data mimetype="image/png">ControlRepositoryImageFile_43d29414-893e-4a4c-a50c-026895a3271d.png</data>
  <iscustomizable>1</iscustomizable>
  <metadata>{}</metadata>
  <mimetype>image/png</mimetype>
  <name>Desktop flow ui element screenshot</name>
  <process>
    <workflowid>d820c690-ed18-49dc-bcbd-4e88324c713a</workflowid>
  </process>
  <reference>controlRepo-screenshots\5748aa34-8230-492e-8e39-1aafddefcf04.png</reference>
  <statecode>0</statecode>
  <statuscode>1</statuscode>
  <type>ControlRepositoryImageFile</type>
</desktopflowbinary>