<desktopflowbinary desktopflowbinaryid="78f1bc29-d27d-4dd2-a584-9023dbef3e5e">
  <data mimetype="image/png">ControlRepositoryImageFile_78f1bc29-d27d-4dd2-a584-9023dbef3e5e.png</data>
  <iscustomizable>1</iscustomizable>
  <metadata>{}</metadata>
  <mimetype>image/png</mimetype>
  <name>Desktop flow ui element screenshot</name>
  <process>
    <workflowid>d820c690-ed18-49dc-bcbd-4e88324c713a</workflowid>
  </process>
  <reference>controlRepo-screenshots\1ff75ebd-a7a6-473b-983d-78e8b341ffe1.png</reference>
  <statecode>0</statecode>
  <statuscode>1</statuscode>
  <type>ControlRepositoryImageFile</type>
</desktopflowbinary>