<desktopflowbinary desktopflowbinaryid="38e48a74-e7a3-496b-906c-d017b5e9f96f">
  <data mimetype="image/png">ControlRepositoryImageFile_38e48a74-e7a3-496b-906c-d017b5e9f96f.png</data>
  <iscustomizable>1</iscustomizable>
  <metadata>{}</metadata>
  <mimetype>image/png</mimetype>
  <name>Desktop flow ui element screenshot</name>
  <process>
    <workflowid>d820c690-ed18-49dc-bcbd-4e88324c713a</workflowid>
  </process>
  <reference>controlRepo-screenshots\0be19009-5e3c-4cc8-98af-dd1af9735981.png</reference>
  <statecode>0</statecode>
  <statuscode>1</statuscode>
  <type>ControlRepositoryImageFile</type>
</desktopflowbinary>