<desktopflowbinary desktopflowbinaryid="4d39823e-ebe1-4169-9f47-b7653fa40cf5">
  <data mimetype="image/png">ControlRepositoryImageFile_4d39823e-ebe1-4169-9f47-b7653fa40cf5.png</data>
  <iscustomizable>1</iscustomizable>
  <metadata>{}</metadata>
  <mimetype>image/png</mimetype>
  <name>Desktop flow ui element screenshot</name>
  <process>
    <workflowid>d820c690-ed18-49dc-bcbd-4e88324c713a</workflowid>
  </process>
  <reference>controlRepo-screenshots\608c5192-0f93-4d8a-a140-2ae773e0b36e.png</reference>
  <statecode>0</statecode>
  <statuscode>1</statuscode>
  <type>ControlRepositoryImageFile</type>
</desktopflowbinary>