<desktopflowbinary desktopflowbinaryid="530e21a5-5abf-4724-ab16-a10909390bdf">
  <data mimetype="image/png">ControlRepositoryImageFile_530e21a5-5abf-4724-ab16-a10909390bdf.png</data>
  <iscustomizable>1</iscustomizable>
  <metadata>{}</metadata>
  <mimetype>image/png</mimetype>
  <name>Desktop flow ui element screenshot</name>
  <process>
    <workflowid>d820c690-ed18-49dc-bcbd-4e88324c713a</workflowid>
  </process>
  <reference>controlRepo-screenshots\c82e2915-3710-4fc7-b9d3-18e43a88a204.png</reference>
  <statecode>0</statecode>
  <statuscode>1</statuscode>
  <type>ControlRepositoryImageFile</type>
</desktopflowbinary>