<desktopflowbinary desktopflowbinaryid="618940dc-1068-4666-b98a-0ebc0b80d2f7">
  <data mimetype="image/png">ControlRepositoryImageFile_618940dc-1068-4666-b98a-0ebc0b80d2f7.png</data>
  <iscustomizable>1</iscustomizable>
  <metadata>{}</metadata>
  <mimetype>image/png</mimetype>
  <name>Desktop flow ui element screenshot</name>
  <process>
    <workflowid>d820c690-ed18-49dc-bcbd-4e88324c713a</workflowid>
  </process>
  <reference>controlRepo-screenshots\640ededb-2f74-469b-a4db-d276ff006beb.png</reference>
  <statecode>0</statecode>
  <statuscode>1</statuscode>
  <type>ControlRepositoryImageFile</type>
</desktopflowbinary>