<ImportExportXml xmlns:xsi="http://www.w3.org/2001/XMLSchema-instance" OrganizationVersion="9.2.25032.174" OrganizationSchemaType="Standard" CRMServerServiceabilityVersion="9.2.25032.00174">
  <Entities></Entities>
  <Roles></Roles>
  <Workflows>
    <Workflow WorkflowId="{d820c690-ed18-49dc-bcbd-4e88324c713a}" Name="ExercicioRPAFormulario">
      <JsonFileName>/Workflows/ExercicioRPAFormulario-D820C690-ED18-49DC-BCBD-4E88324C713A.json</JsonFileName>
      <Type>1</Type>
      <Subprocess>0</Subprocess>
      <Category>6</Category>
      <Mode>0</Mode>
      <Scope>4</Scope>
      <OnDemand>0</OnDemand>
      <TriggerOnCreate>0</TriggerOnCreate>
      <TriggerOnDelete>0</TriggerOnDelete>
      <AsyncAutodelete>0</AsyncAutodelete>
      <SyncWorkflowLogOnFailure>0</SyncWorkflowLogOnFailure>
      <StateCode>1</StateCode>
      <StatusCode>2</StatusCode>
      <RunAs>1</RunAs>
      <IsTransacted>1</IsTransacted>
      <IntroducedVersion>1.0</IntroducedVersion>
      <IsCustomizable>1</IsCustomizable>
      <BusinessProcessType>0</BusinessProcessType>
      <UIFlowType>2</UIFlowType>
      <IsCustomProcessingStepAllowedForOtherPublishers>1</IsCustomProcessingStepAllowedForOtherPublishers>
      <Metadata>{"clientversion":"2.53.180.25037","isvalid":true,"$schema":"https://schema.management.azure.com/providers/Microsoft.Logic/schemas/2016-06-01/workflowdefinition.json#","schemaVersion":"ROBIN_20211012","containsActiveConnections":false,"containsGptPredictActions":false,"containsActiveCopilotActions":false,"containsActiveWorkQueuesActions":false,"containsActiveLogMessageActions":false,"containsActiveCredentialsActions":false,"multipleRequestsState":0,"scriptType":0,"disableScreenshotCaptureOnError":false,"missingUiElementRepairType":null,"flowTimeout":null}</Metadata>
      <Inputs>{"schema":null}</Inputs>
      <Outputs>{"schema":null}</Outputs>
      <Dependencies>{"childFlows":[],"workQueues":[],"environmentVariables":[],"requiredBinaries":["955f8014-7302-4b8b-861c-1b671b05d63a","c65a844a-580d-4b92-bf39-b6878ab019fa","6de2bf9a-58d1-4059-857a-539a8f25d5e1","c74b8a59-bd2d-42c0-9421-294eea95a2c8"]}</Dependencies>
      <ConnectionReferences>[]</ConnectionReferences>
      <Definition>"@@ConnectionString: ''\r\n@@Type: 'Local'\r\n@@DesktopType: 'local'\r\n@@DisplayName: 'Computador local'\r\nIMPORT 'controlRepo.appmask' AS appmask\r\nIMPORT 'imageRepo.imgrepo' AS imgrepo\r\n@SENSITIVE: []\r\nCALL VariaveisGlobais\r\nCALL PreparacaoAmbiente\r\nCALL Planilha\r\nCALL Formulario\r\nFUNCTION Formulario GLOBAL\r\n    DISABLE WebAutomation.Click.Click BrowserInstance: NavFormulario Control: appmask['Web Page \\'https://www.rpachallenge.com/?lang=EN\\'']['Div \\'3. The actual  ...  penalties.\\''] ClickType: WebAutomation.ClickType.LeftClick MouseClick: True WaitForPageToLoadTimeout: 60 MousePositionRelativeToElement: WebAutomation.RectangleEdgePoint.TopCenter OffsetX: 0 OffsetY: 0\r\n    LOOP FOREACH LinhaAtual IN QueryResult\r\n        DISABLE Display.ShowMessageDialog.ShowMessage Message: $'''%LinhaAtual[1]%\r\n%LinhaAtual[7]%\r\n%LinhaAtual[2]%\r\n%LinhaAtual[3]%\r\n%LinhaAtual[4]%\r\n%LinhaAtual[5]%\r\n%LinhaAtual[6]%\r\n\r\n''' Icon: Display.Icon.None Buttons: Display.Buttons.OK DefaultButton: Display.DefaultButton.Button1 IsTopMost: False ButtonPressed=&gt; ButtonPressed\r\n        WebAutomation.Focus.Focus BrowserInstance: NavFormulario Control: appmask['Web Page \\'https://www.rpachallenge.com/?lang=EN\\'']['Campo First Name'] WaitForPageToLoadTimeout: 60\r\n        WebAutomation.PopulateTextField.PopulateTextFieldNoWait BrowserInstance: NavFormulario Control: appmask['Web Page \\'https://www.rpachallenge.com/?lang=EN\\'']['Campo First Name'] Text: LinhaAtual[0] Mode: WebAutomation.PopulateTextMode.Replace EmulateTyping: False UnfocusAfterPopulate: False\r\n        WebAutomation.PopulateTextField.PopulateTextFieldNoWait BrowserInstance: NavFormulario Control: appmask['Web Page \\'https://www.rpachallenge.com/?lang=EN\\'']['Campo Phone Number'] Text: LinhaAtual[6] Mode: WebAutomation.PopulateTextMode.Replace EmulateTyping: False UnfocusAfterPopulate: False\r\n        WebAutomation.PopulateTextField.PopulateTextFieldUsePhysicalKeyboard BrowserInstance: NavFormulario Control: appmask['Web Page \\'https://www.rpachallenge.com/?lang=EN\\'']['Last Name'] Text: LinhaAtual[1] Mode: WebAutomation.PopulateTextMode.Replace UnfocusAfterPopulate: True WaitForPageToLoadTimeout: 60\r\n        WebAutomation.PopulateTextField.PopulateTextFieldUsePhysicalKeyboard BrowserInstance: NavFormulario Control: appmask['Web Page \\'https://www.rpachallenge.com/?lang=EN\\'']['Email'] Text: LinhaAtual[5] Mode: WebAutomation.PopulateTextMode.Replace UnfocusAfterPopulate: True WaitForPageToLoadTimeout: 60\r\n        WebAutomation.PopulateTextField.PopulateTextFieldUsePhysicalKeyboard BrowserInstance: NavFormulario Control: appmask['Web Page \\'https://www.rpachallenge.com/?lang=EN\\'']['Div \\'Company Name\\''] Text: LinhaAtual[2] Mode: WebAutomation.PopulateTextMode.Replace UnfocusAfterPopulate: True WaitForPageToLoadTimeout: 60\r\n        WebAutomation.PopulateTextField.PopulateTextFieldUsePhysicalKeyboard BrowserInstance: NavFormulario Control: appmask['Web Page \\'https://www.rpachallenge.com/?lang=EN\\'']['Role in Company'] Text: LinhaAtual[3] Mode: WebAutomation.PopulateTextMode.Replace UnfocusAfterPopulate: True WaitForPageToLoadTimeout: 60\r\n        WebAutomation.PopulateTextField.PopulateTextFieldUsePhysicalKeyboard BrowserInstance: NavFormulario Control: appmask['Web Page \\'https://www.rpachallenge.com/?lang=EN\\'']['Address'] Text: LinhaAtual[4] Mode: WebAutomation.PopulateTextMode.Replace UnfocusAfterPopulate: True WaitForPageToLoadTimeout: 60\r\n        WebAutomation.PressButton.PressButton BrowserInstance: NavFormulario Control: appmask['Web Page \\'https://www.rpachallenge.com/?lang=EN\\'']['Input submit \\'Enviar\\''] WaitForPageToLoadTimeout: 60\r\n    END\r\nEND FUNCTION\r\nFUNCTION Planilha GLOBAL\r\n    **REGION Acessar Site e baixar planilha\r\n    WebAutomation.LaunchChrome.LaunchChrome Url: URLSite WindowState: WebAutomation.BrowserWindowState.Maximized ClearCache: False ClearCookies: False WaitForPageToLoadTimeout: 60 Timeout: 60 PiPUserDataFolderMode: WebAutomation.PiPUserDataFolderModeEnum.AutomaticProfile TargetDesktop: $'''{\\\"DisplayName\\\":\\\"Computador local\\\",\\\"Route\\\":{\\\"ServerType\\\":\\\"Local\\\",\\\"ServerAddress\\\":\\\"\\\"},\\\"DesktopType\\\":\\\"local\\\"}''' BrowserInstance=&gt; NavFormulario\r\n    WAIT 2\r\n    DISABLE UIAutomation.Click.Click Element: appmask['Pane \\'Rpa Challenge - Google Chrome\\'']['Hyperlink \\'DOWNLOAD EXCEL cloud_download\\''] ClickType: UIAutomation.ClickType.LeftClick MousePositionRelativeToElement: UIAutomation.RectangleEdgePoint.MiddleCenter OffsetX: 0 OffsetY: 0\r\n    WebAutomation.PressButton.PressButton BrowserInstance: NavFormulario Control: appmask['Web Page \\'https://www.rpachallenge.com/?lang=EN\\'']['Anchor \\'Baixar Exceldownload_na_nuvem\\''] WaitForPageToLoadTimeout: 60\r\n    WebAutomation.Click.Click BrowserInstance: NavFormulario Control: appmask['Web Page \\'https://www.rpachallenge.com/?lang=EN\\'']['Button \\'Começar\\''] ClickType: WebAutomation.ClickType.LeftClick MouseClick: True WaitForPageToLoadTimeout: 60 MousePositionRelativeToElement: WebAutomation.RectangleEdgePoint.BottomCenter OffsetX: 0 OffsetY: 0\r\n    DISABLE MouseAndKeyboard.SendKeys.FocusAndSendKeysByTitleClass Title: $'''Rpa Challenge - Google Chrome''' Class: $'''''' TextToSend: $'''{Tab}{Return}''' DelayBetweenKeystrokes: 10 SendTextAsHardwareKeys: False\r\n    WAIT (File.WaitForFile.Created File: $'''%PastaDownload%\\\\challenge.xlsx''')\r\n    **ENDREGION\r\n    **REGION Leitura da planilha\r\n    Database.Connect ConnectionString: $'''Provider=Microsoft.ACE.OLEDB.12.0;Data Source=%PastaDownload%\\\\challenge.xlsx;Extended Properties=\\\"Excel 12.0 Xml;HDR=YES\\\";''' Connection=&gt; SQLConnection\r\n    Database.ExecuteSqlStatement.Execute Connection: SQLConnection Statement: $'''SELECT * \r\nFROM [Sheet1$]\r\nWHERE [Last Name] IS NOT NULL AND [Last Name] &lt;&gt; \\'\\'\r\n ''' Timeout: 30 Result=&gt; QueryResult\r\n    Database.Close Connection: SQLConnection\r\n    **ENDREGION\r\nEND FUNCTION\r\nFUNCTION VariaveisGlobais GLOBAL\r\n    Web.InvokeWebService.InvokeWebServicePost Url: $'''%'https://prod-13.brazilsouth.logic.azure.com:443/workflows/13f5d914f16d465991e5b82346d632a7/triggers/manual/paths/invoke?api-version=2016-06-01&amp;sp=%2Ftriggers%2Fmanual%2Frun&amp;sv=1.0&amp;sig=amnknsf3Uri7I7-dsrH8DvNt4UCJ-BU21EkV1WWuZKk'%''' Accept: $'''application/json''' ContentType: $'''application/json''' RequestBody: $'''{\\\"CredencialTipo\\\":\\\"URLForms\\\"}''' ConnectionTimeout: 30 FollowRedirection: False ClearCookies: False FailOnErrorStatus: False EncodeRequestBody: False UserAgent: $'''Mozilla/5.0 (Windows; U; Windows NT 5.1; en-US; rv:1.8.1.21) Gecko/20100312 Firefox/3.6''' Encoding: Web.Encoding.AutoDetect AcceptUntrustedCertificates: False UploadType: Web.UploadType.FilePath TrimRequestBody: False Response=&gt; URLSite\r\n    Folder.GetSpecialFolder SpecialFolder: Folder.SpecialFolder.Personal SpecialFolderPath=&gt; SpecialFolderPath\r\n    Text.Replace Text: SpecialFolderPath TextToFind: $'''Documents''' IsRegEx: False IgnoreCase: False ReplaceWith: $'''Downloads''' ActivateEscapeSequences: False Result=&gt; PastaDownload\r\n    IF (System.IfProcess.ProcessIsRunning ProcessName: $'''chrome''') THEN\r\n        System.TerminateProcess.TerminateProcessByName ProcessName: $'''chrome'''\r\n    END\r\nEND FUNCTION\r\nFUNCTION PreparacaoAmbiente GLOBAL\r\n    Folder.GetFiles Folder: PastaDownload FileFilter: $'''*.xlsx*''' IncludeSubfolders: False FailOnAccessDenied: True SortBy1: Folder.SortBy.NoSort SortDescending1: False SortBy2: Folder.SortBy.NoSort SortDescending2: False SortBy3: Folder.SortBy.NoSort SortDescending3: False Files=&gt; ListaArquivo\r\n    LOOP FOREACH ArquivoAtualAntigo IN ListaArquivo\r\n        IF Contains(ArquivoAtualAntigo, $'''challenge''', True) THEN\r\n            File.Delete Files: ArquivoAtualAntigo\r\n        END\r\n    END\r\nEND FUNCTION\r\n"</Definition>
      <SchemaVersion>2022.07</SchemaVersion>
      <DesktopFlowModules>[]</DesktopFlowModules>
      <PrimaryEntity>none</PrimaryEntity>
      <LocalizedNames>
        <LocalizedName languagecode="1046" description="ExercicioRPAFormulario" />
      </LocalizedNames>
    </Workflow>
  </Workflows>
  <FieldSecurityProfiles></FieldSecurityProfiles>
  <Templates />
  <EntityMaps />
  <EntityRelationships />
  <OrganizationSettings />
  <optionsets />
  <CustomControls />
  <EntityDataProviders />
  <Languages>
    <Language>1046</Language>
  </Languages>
</ImportExportXml>