<desktopflowbinary desktopflowbinaryid="6cf94ed0-1ccf-423f-9e01-40d9e638785b">
  <data mimetype="image/png">ControlRepositoryImageFile_6cf94ed0-1ccf-423f-9e01-40d9e638785b.png</data>
  <iscustomizable>1</iscustomizable>
  <metadata>{}</metadata>
  <mimetype>image/png</mimetype>
  <name>Desktop flow ui element screenshot</name>
  <process>
    <workflowid>d820c690-ed18-49dc-bcbd-4e88324c713a</workflowid>
  </process>
  <reference>controlRepo-screenshots\f0adf5e3-a901-4b09-bd0e-b26019c84ac0.png</reference>
  <statecode>0</statecode>
  <statuscode>1</statuscode>
  <type>ControlRepositoryImageFile</type>
</desktopflowbinary>