<desktopflowbinary desktopflowbinaryid="c65a844a-580d-4b92-bf39-b6878ab019fa">
  <data mimetype="application/json">ControlRepository_9748a511-df5d-41ca-a3ff-924aefbb8813.json</data>
  <iscustomizable>1</iscustomizable>
  <metadata>{}</metadata>
  <mimetype>application/json</mimetype>
  <name>Desktop flow ui elements</name>
  <process>
    <workflowid>d820c690-ed18-49dc-bcbd-4e88324c713a</workflowid>
  </process>
  <reference>controlRepo.appmask</reference>
  <statecode>0</statecode>
  <statuscode>1</statuscode>
  <type>ControlRepository</type>
</desktopflowbinary>