<desktopflowbinary desktopflowbinaryid="35f310b4-a45a-49a3-a7ac-7d72c1b84d7f">
  <data mimetype="image/png">ControlRepositoryImageFile_35f310b4-a45a-49a3-a7ac-7d72c1b84d7f.png</data>
  <iscustomizable>1</iscustomizable>
  <metadata>{}</metadata>
  <mimetype>image/png</mimetype>
  <name>Desktop flow ui element screenshot</name>
  <process>
    <workflowid>d820c690-ed18-49dc-bcbd-4e88324c713a</workflowid>
  </process>
  <reference>controlRepo-screenshots\925461fa-714a-4b8b-9f06-15d0755c7a7b.png</reference>
  <statecode>0</statecode>
  <statuscode>1</statuscode>
  <type>ControlRepositoryImageFile</type>
</desktopflowbinary>