<desktopflowbinary desktopflowbinaryid="1976b8b2-cbe7-4d02-b982-8d978f2600ce">
  <data mimetype="image/png">ControlRepositoryImageFile_1976b8b2-cbe7-4d02-b982-8d978f2600ce.png</data>
  <iscustomizable>1</iscustomizable>
  <metadata>{}</metadata>
  <mimetype>image/png</mimetype>
  <name>Desktop flow ui element screenshot</name>
  <process>
    <workflowid>d820c690-ed18-49dc-bcbd-4e88324c713a</workflowid>
  </process>
  <reference>controlRepo-screenshots\92c94384-a5bd-48f6-8887-5b3b96c53bfd.png</reference>
  <statecode>0</statecode>
  <statuscode>1</statuscode>
  <type>ControlRepositoryImageFile</type>
</desktopflowbinary>