<desktopflowbinary desktopflowbinaryid="7fb9c48e-b904-4871-8762-f9cc46d55a1e">
  <data mimetype="image/png">ControlRepositoryImageFile_7fb9c48e-b904-4871-8762-f9cc46d55a1e.png</data>
  <iscustomizable>1</iscustomizable>
  <metadata>{}</metadata>
  <mimetype>image/png</mimetype>
  <name>Desktop flow ui element screenshot</name>
  <process>
    <workflowid>d820c690-ed18-49dc-bcbd-4e88324c713a</workflowid>
  </process>
  <reference>controlRepo-screenshots\15566ae7-6961-40c1-a783-bb794f1b6331.png</reference>
  <statecode>0</statecode>
  <statuscode>1</statuscode>
  <type>ControlRepositoryImageFile</type>
</desktopflowbinary>