<desktopflowbinary desktopflowbinaryid="ed100320-ed09-4e92-b1eb-14cc5231658a">
  <data mimetype="image/png">ControlRepositoryImageFile_ed100320-ed09-4e92-b1eb-14cc5231658a.png</data>
  <iscustomizable>1</iscustomizable>
  <metadata>{}</metadata>
  <mimetype>image/png</mimetype>
  <name>Desktop flow ui element screenshot</name>
  <process>
    <workflowid>d820c690-ed18-49dc-bcbd-4e88324c713a</workflowid>
  </process>
  <reference>controlRepo-screenshots\c5c5629c-6a11-4229-9340-3688da78bfce.png</reference>
  <statecode>0</statecode>
  <statuscode>1</statuscode>
  <type>ControlRepositoryImageFile</type>
</desktopflowbinary>