<desktopflowbinary desktopflowbinaryid="64b47eed-ee14-404b-8403-0621a8045cba">
  <data mimetype="image/png">ControlRepositoryImageFile_64b47eed-ee14-404b-8403-0621a8045cba.png</data>
  <iscustomizable>1</iscustomizable>
  <metadata>{}</metadata>
  <mimetype>image/png</mimetype>
  <name>Desktop flow ui element screenshot</name>
  <process>
    <workflowid>d820c690-ed18-49dc-bcbd-4e88324c713a</workflowid>
  </process>
  <reference>controlRepo-screenshots\f4fa5ff8-9597-44fc-90fe-9de447e22a7f.png</reference>
  <statecode>0</statecode>
  <statuscode>1</statuscode>
  <type>ControlRepositoryImageFile</type>
</desktopflowbinary>