<desktopflowbinary desktopflowbinaryid="efcb0b3e-0bc2-434c-9e94-93610e2fe53f">
  <data mimetype="image/png">ControlRepositoryImageFile_efcb0b3e-0bc2-434c-9e94-93610e2fe53f.png</data>
  <iscustomizable>1</iscustomizable>
  <metadata>{}</metadata>
  <mimetype>image/png</mimetype>
  <name>Desktop flow ui element screenshot</name>
  <process>
    <workflowid>d820c690-ed18-49dc-bcbd-4e88324c713a</workflowid>
  </process>
  <reference>controlRepo-screenshots\446c78c5-0b3d-48c3-b16c-6b4c704e5599.png</reference>
  <statecode>0</statecode>
  <statuscode>1</statuscode>
  <type>ControlRepositoryImageFile</type>
</desktopflowbinary>