<desktopflowbinary desktopflowbinaryid="79bbd184-9b42-412a-acb5-8d1bd1d65de8">
  <data mimetype="image/png">ControlRepositoryImageFile_79bbd184-9b42-412a-acb5-8d1bd1d65de8.png</data>
  <iscustomizable>1</iscustomizable>
  <metadata>{}</metadata>
  <mimetype>image/png</mimetype>
  <name>Desktop flow ui element screenshot</name>
  <process>
    <workflowid>d820c690-ed18-49dc-bcbd-4e88324c713a</workflowid>
  </process>
  <reference>controlRepo-screenshots\30582472-2342-4f3f-b3f3-2f7aaa32d7a0.png</reference>
  <statecode>0</statecode>
  <statuscode>1</statuscode>
  <type>ControlRepositoryImageFile</type>
</desktopflowbinary>