<desktopflowbinary desktopflowbinaryid="e82f7234-4b59-456b-a347-ef6df549468b">
  <data mimetype="image/png">ControlRepositoryImageFile_e82f7234-4b59-456b-a347-ef6df549468b.png</data>
  <iscustomizable>1</iscustomizable>
  <metadata>{}</metadata>
  <mimetype>image/png</mimetype>
  <name>Desktop flow ui element screenshot</name>
  <process>
    <workflowid>d820c690-ed18-49dc-bcbd-4e88324c713a</workflowid>
  </process>
  <reference>controlRepo-screenshots\a766dd6c-fc7f-4ad4-ba5f-663046cd4e3c.png</reference>
  <statecode>0</statecode>
  <statuscode>1</statuscode>
  <type>ControlRepositoryImageFile</type>
</desktopflowbinary>