<desktopflowbinary desktopflowbinaryid="c74b8a59-bd2d-42c0-9421-294eea95a2c8">
  <data mimetype="application/json">DependenciesFile_b7f4be49-5461-46fc-b4b1-f9a4d13f5fe4.json</data>
  <iscustomizable>1</iscustomizable>
  <metadata>{}</metadata>
  <mimetype>application/json</mimetype>
  <name>Desktop flow dependencies file</name>
  <process>
    <workflowid>d820c690-ed18-49dc-bcbd-4e88324c713a</workflowid>
  </process>
  <reference>flow.dependencies</reference>
  <statecode>0</statecode>
  <statuscode>1</statuscode>
  <type>DependenciesFile</type>
</desktopflowbinary>