<desktopflowbinary desktopflowbinaryid="6f3aaed4-f45e-400b-bb81-8f5a2354d295">
  <data mimetype="image/png">ControlRepositoryImageFile_6f3aaed4-f45e-400b-bb81-8f5a2354d295.png</data>
  <iscustomizable>1</iscustomizable>
  <metadata>{}</metadata>
  <mimetype>image/png</mimetype>
  <name>Desktop flow ui element screenshot</name>
  <process>
    <workflowid>d820c690-ed18-49dc-bcbd-4e88324c713a</workflowid>
  </process>
  <reference>controlRepo-screenshots\7811ec2d-9222-4d0c-878c-06b35ae1aaf1.png</reference>
  <statecode>0</statecode>
  <statuscode>1</statuscode>
  <type>ControlRepositoryImageFile</type>
</desktopflowbinary>