<desktopflowbinary desktopflowbinaryid="955f8014-7302-4b8b-861c-1b671b05d63a">
  <data mimetype="application/json">ManifestFile_955f8014-7302-4b8b-861c-1b671b05d63a.json</data>
  <iscustomizable>1</iscustomizable>
  <metadata>{}</metadata>
  <mimetype>application/json</mimetype>
  <name>Desktop flow manifest file</name>
  <process>
    <workflowid>d820c690-ed18-49dc-bcbd-4e88324c713a</workflowid>
  </process>
  <reference>flow.manifest</reference>
  <statecode>0</statecode>
  <statuscode>1</statuscode>
  <type>ManifestFile</type>
</desktopflowbinary>