<desktopflowbinary desktopflowbinaryid="186cdb02-b0f4-49b6-8338-f06c8cdaa652">
  <data mimetype="image/png">ControlRepositoryImageFile_186cdb02-b0f4-49b6-8338-f06c8cdaa652.png</data>
  <iscustomizable>1</iscustomizable>
  <metadata>{}</metadata>
  <mimetype>image/png</mimetype>
  <name>Desktop flow ui element screenshot</name>
  <process>
    <workflowid>d820c690-ed18-49dc-bcbd-4e88324c713a</workflowid>
  </process>
  <reference>controlRepo-screenshots\be6c137b-9b67-49c1-bed9-39169ecceeeb.png</reference>
  <statecode>0</statecode>
  <statuscode>1</statuscode>
  <type>ControlRepositoryImageFile</type>
</desktopflowbinary>