<desktopflowbinary desktopflowbinaryid="6de2bf9a-58d1-4059-857a-539a8f25d5e1">
  <data mimetype="application/json">ImageRepository_88373e6f-f130-4580-a1f6-fc2d230d979a.json</data>
  <iscustomizable>1</iscustomizable>
  <metadata>{}</metadata>
  <mimetype>application/json</mimetype>
  <name>Desktop flow images</name>
  <process>
    <workflowid>d820c690-ed18-49dc-bcbd-4e88324c713a</workflowid>
  </process>
  <reference>imageRepo.imgrepo</reference>
  <statecode>0</statecode>
  <statuscode>1</statuscode>
  <type>ImageRepository</type>
</desktopflowbinary>