<desktopflowbinary desktopflowbinaryid="5008dc7e-6e40-4313-b7af-b79a1af94720">
  <data mimetype="image/png">ControlRepositoryImageFile_5008dc7e-6e40-4313-b7af-b79a1af94720.png</data>
  <iscustomizable>1</iscustomizable>
  <metadata>{}</metadata>
  <mimetype>image/png</mimetype>
  <name>Desktop flow ui element screenshot</name>
  <process>
    <workflowid>d820c690-ed18-49dc-bcbd-4e88324c713a</workflowid>
  </process>
  <reference>controlRepo-screenshots\b1c2afbf-e4c7-4d40-84ef-6c896f252d2e.png</reference>
  <statecode>0</statecode>
  <statuscode>1</statuscode>
  <type>ControlRepositoryImageFile</type>
</desktopflowbinary>